epoch,loss,val_loss
15,0.003769537201151252,0.3744717836380005
16,0.0036012378986924887,0.5565755367279053
17,0.0035894447937607765,0.3503897190093994
